weight_class,name,nation,nation_code,gender,wrl_rank
Frauen +78kg (Heavyweight),Akerke RAMAZANOVA,Kazakhstan,KAZ,f,#58
Frauen +78kg (Heavyweight),Akira SONE,Japan,JPN,f,#34
Frauen +78kg (Heavyweight),Asya TAVANO,Italy,ITA,f,#6
Frauen +78kg (Heavyweight),Beatriz SOUZA,Brazil,BRA,f,#20
Frauen +78kg (Heavyweight),Brigitte CARABALI,Colombia,COL,f,#37
Frauen +78kg (Heavyweight),Dayanara CURBELO TRAVIESO,Cuba,CUB,f,#42
Frauen +78kg (Heavyweight),Elis STARTSEVA,Russian Federation,RUS,f,#10
Frauen +78kg (Heavyweight),Emma-Melis AKTAS,Estonia,EST,f,#12
Frauen +78kg (Heavyweight),Erica SIMONETTI,Italy,ITA,f,#18
Frauen +78kg (Heavyweight),Fernanda QUIMBIRA,Angola,ANG,f,#33
Frauen +78kg (Heavyweight),Gabrielle BOUVIER,Belgium,BEL,f,#57
Frauen +78kg (Heavyweight),Helena VUKOVIC,Croatia,CRO,f,#7
Frauen +78kg (Heavyweight),Hilal OZTURK,Türkiye,TUR,f,#56
Frauen +78kg (Heavyweight),Hyeonji LEE,Republic of Korea,KOR,f,#4
Frauen +78kg (Heavyweight),Iriskhon KURBANBAEVA,Uzbekistan,UZB,f,#30
Frauen +78kg (Heavyweight),Izayana MARENCO,Nicaragua,NCA,f,#74
Frauen +78kg (Heavyweight),Jinesinuer AYIMAN,People's Republic of China,CHN,f,#11
Frauen +78kg (Heavyweight),Kamila BERLIKASH,Kazakhstan,KAZ,f,#47
Frauen +78kg (Heavyweight),Karen LEON,Venezuela,VEN,f,#17
Frauen +78kg (Heavyweight),Lea FONTAINE,France,FRA,f,#2
Frauen +78kg (Heavyweight),Ling Fang CHANG,Chinese Taipei,TPE,f,#69
Frauen +78kg (Heavyweight),Madina KAISINOVA,Azerbaijan,AZE,f,#83
Frauen +78kg (Heavyweight),Mao ARAI,Japan,JPN,f,#8
Frauen +78kg (Heavyweight),Maria HOELLWART,Austria,AUT,f,#71
Frauen +78kg (Heavyweight),Mariia IVANOVA,Russian Federation,RUS,f,#15
Frauen +78kg (Heavyweight),Moira MORILLO,Dominican Republic,DOM,f,#36
Frauen +78kg (Heavyweight),Nominzul DAMBADARJAA,Mongolia,MGL,f,#31
Frauen +78kg (Heavyweight),Raz HERSHKO,Israel,ISR,f,#1
Frauen +78kg (Heavyweight),Richelle Anita SOPPI MBELLA,Cameroon,CMR,f,#44
Frauen +78kg (Heavyweight),Rochele NUNES,Portugal,POR,f,#68
Frauen +78kg (Heavyweight),Romane DICKO,France,FRA,f,#3
Frauen +78kg (Heavyweight),Safa SOLIMAN,Egypt,EGY,f,#16
Frauen +78kg (Heavyweight),Sophio SOMKHISHVILI,Georgia,GEO,f,#41
Frauen +78kg (Heavyweight),Sydnee ANDREWS,New Zealand,NZL,f,#26
Frauen +78kg (Heavyweight),Umida NIGMATOVA,Uzbekistan,UZB,f,#24
Frauen +78kg (Heavyweight),Xinran NIU,People's Republic of China,CHN,f,#9
Frauen -48kg (Extra-lightweight),Abiba ABUZHAKYNOVA,Kazakhstan,KAZ,f,#19
Frauen -48kg (Extra-lightweight),Amber GERSJES,Netherlands,NED,f,#12
Frauen -48kg (Extra-lightweight),Anudari JAMSRAN,Mongolia,MGL,f,#8
Frauen -48kg (Extra-lightweight),Asmita DEY,India,IND,f,#49
Frauen -48kg (Extra-lightweight),Assunta SCUTTO,Italy,ITA,f,#18
Frauen -48kg (Extra-lightweight),Baasankhuu BAVUUDORJ,Mongolia,MGL,f,#53
Frauen -48kg (Extra-lightweight),Catarina COSTA,Portugal,POR,f,#28
Frauen -48kg (Extra-lightweight),Chen-Hao LIN,Chinese Taipei,TPE,f,#16
Frauen -48kg (Extra-lightweight),Clarice RIBEIRO,Brazil,BRA,f,#22
Frauen -48kg (Extra-lightweight),Eva PEREZ SOLER,Spain,ESP,f,#9
Frauen -48kg (Extra-lightweight),Gabriela NARVAEZ,Paraguay,PAR,f,#72
Frauen -48kg (Extra-lightweight),Galiya TYNBAYEVA,Kazakhstan,KAZ,f,#79
Frauen -48kg (Extra-lightweight),Ka Lee WONG,"Hong Kong, China",HKG,f,#62
Frauen -48kg (Extra-lightweight),Katryna ESPOSITO,Malta,MLT,f,#84
Frauen -48kg (Extra-lightweight),Konul ALIYEVA,Azerbaijan,AZE,f,#27
Frauen -48kg (Extra-lightweight),Laura MARTINEZ ABELENDA,Spain,ESP,f,#2
Frauen -48kg (Extra-lightweight),Lois PETIT,Belgium,BEL,f,#29
Frauen -48kg (Extra-lightweight),Lok Yi HO,"Hong Kong, China",HKG,f,#50
Frauen -48kg (Extra-lightweight),Maria Celia LABORDE,United States of America,USA,f,#7
Frauen -48kg (Extra-lightweight),Maria SEGUNDA,Angola,ANG,f,#32
Frauen -48kg (Extra-lightweight),Marina VOROBEVA,Russian Federation,RUS,f,#10
Frauen -48kg (Extra-lightweight),Mary Dee VARGAS LEY,Chile,CHI,f,#11
Frauen -48kg (Extra-lightweight),Merve AZAK,Türkiye,TUR,f,#39
Frauen -48kg (Extra-lightweight),Natacha Emiliame RAZAFINDRAKALO,Madagascar,MAD,f,#61
Frauen -48kg (Extra-lightweight),Natalija PROLIC,Serbia,SRB,f,
Frauen -48kg (Extra-lightweight),Oumaima BEDIOUI,Tunisia,TUN,f,#30
Frauen -48kg (Extra-lightweight),Patricia TOMANKOVA,Slovakia,SVK,f,#115
Frauen -48kg (Extra-lightweight),Sabina GILIAZOVA,Russian Federation,RUS,f,#3
Frauen -48kg (Extra-lightweight),Sarah ISCHT,Germany,GER,f,#20
Frauen -48kg (Extra-lightweight),Shafag HAMIDOVA,Azerbaijan,AZE,f,#34
Frauen -48kg (Extra-lightweight),Shirine BOUKLI,France,FRA,f,#5
Frauen -48kg (Extra-lightweight),Signoline KANYAMUNEZA,Burundi,BDI,f,#43
Frauen -48kg (Extra-lightweight),Tara BABULFATH,Sweden,SWE,f,#15
Frauen -48kg (Extra-lightweight),Tugce BEDER,Türkiye,TUR,f,#14
Frauen -48kg (Extra-lightweight),Ulbusin KHAKIMOVA,Uzbekistan,UZB,f,#35
Frauen -48kg (Extra-lightweight),Victoria SIBILLE,Belgium,BEL,f,#81
Frauen -48kg (Extra-lightweight),Wakana KOGA,Japan,JPN,f,#6
Frauen -48kg (Extra-lightweight),Wenna ZHUANG,People's Republic of China,CHN,f,#4
Frauen -48kg (Extra-lightweight),Xinran HUI,People's Republic of China,CHN,f,#1
Frauen -52kg (Half-lightweight),Aleksandra KALETA,Poland,POL,f,#21
Frauen -52kg (Half-lightweight),Ariane TORO SOLER,Spain,ESP,f,#5
Frauen -52kg (Half-lightweight),Ayumi LEIVA SANCHEZ,Spain,ESP,f,#3
Frauen -52kg (Half-lightweight),Driulys RIVAS,Peru,PER,f,#28
Frauen -52kg (Half-lightweight),Evelyn BEATON,Canada,CAN,f,#20
Frauen -52kg (Half-lightweight),Francine ECHEVARRIA,Puerto Rico,PUR,f,#26
Frauen -52kg (Half-lightweight),Gabriela DIMITROVA,Bulgaria,BUL,f,#50
Frauen -52kg (Half-lightweight),Gefen PRIMO,Israel,ISR,f,#11
Frauen -52kg (Half-lightweight),Gultaj MAMMADALIYEVA,Azerbaijan,AZE,f,#40
Frauen -52kg (Half-lightweight),Khorloodoi BISHRELT,United Arab Emirates,UAE,f,#6
Frauen -52kg (Half-lightweight),Larissa PIMENTA,Brazil,BRA,f,#16
Frauen -52kg (Half-lightweight),Madina QURBONZODA,Tajikistan,TJK,f,#53
Frauen -52kg (Half-lightweight),Marie Celine BABA MATIA,Cameroon,CMR,f,#38
Frauen -52kg (Half-lightweight),Mascha BALLHAUS,Germany,GER,f,#4
Frauen -52kg (Half-lightweight),Minjeong KIM,Republic of Korea,KOR,f,#68
Frauen -52kg (Half-lightweight),Monica REYES,United States of America,USA,f,#89
Frauen -52kg (Half-lightweight),Nandin-Erdene MYAGMARSUREN,Mongolia,MGL,f,#13
Frauen -52kg (Half-lightweight),Naomi VAN KREVEL,Netherlands,NED,f,#18
Frauen -52kg (Half-lightweight),Nikolina NISAVIC,Serbia,SRB,f,#84
Frauen -52kg (Half-lightweight),Nungshithoi Chanu LEISHANGTHEM,India,IND,f,#107
Frauen -52kg (Half-lightweight),Odette GIUFFRIDA,Italy,ITA,f,#2
Frauen -52kg (Half-lightweight),Paulina MARTINEZ,Mexico,MEX,f,#51
Frauen -52kg (Half-lightweight),Rafaela RODRIGUES,Brazil,BRA,f,#32
Frauen -52kg (Half-lightweight),Reka PUPP,Hungary,HUN,f,#12
Frauen -52kg (Half-lightweight),Roza GYERTYAS,Hungary,HUN,f,#9
Frauen -52kg (Half-lightweight),Shraddha Kadubal CHOPADE,India,IND,f,#36
Frauen -52kg (Half-lightweight),Shuk Ki TSUI,"Hong Kong, China",HKG,f,#43
Frauen -52kg (Half-lightweight),Sofia ASVESTA,Cyprus,CYP,f,#23
Frauen -52kg (Half-lightweight),Soumiya IRAOUI,Morocco,MAR,f,#22
Frauen -52kg (Half-lightweight),Sugdiyona RAFKATOVA,Uzbekistan,UZB,f,#34
Frauen -52kg (Half-lightweight),Suryeon HWANG,Republic of Korea,KOR,f,#61
Frauen -52kg (Half-lightweight),Tatum KEEN,Great Britain,GBR,f,#24
Frauen -52kg (Half-lightweight),Tereza BODNAROVA,Czechia,CZE,f,#46
Frauen -52kg (Half-lightweight),Tihea TOPOLOVEC,Croatia,CRO,f,#74
Frauen -52kg (Half-lightweight),Tinka EASTON,Australia,AUS,f,#35
Frauen -52kg (Half-lightweight),Toni PEPIA,United States of America,USA,f,#71
Frauen -52kg (Half-lightweight),Uranzaya BAYANMUNKH,Mongolia,MGL,f,#39
Frauen -52kg (Half-lightweight),Uta ABE,Japan,JPN,f,#7
Frauen -52kg (Half-lightweight),Zalika HASSANE ABDOU,Niger,NIG,f,#62
Frauen -57kg (Lightweight),Acelya TOPRAK,Great Britain,GBR,f,#15
Frauen -57kg (Lightweight),Adriana RODRIGUEZ SALVADOR,Spain,ESP,f,#28
Frauen -57kg (Lightweight),Akari OMORI,Japan,JPN,f,#9
Frauen -57kg (Lightweight),Ana Viktorija PULJIZ,Croatia,CRO,f,#11
Frauen -57kg (Lightweight),Anastasija SOKIRJANSKA,Latvia,LAT,f,#88
Frauen -57kg (Lightweight),Andreza ANTONIO,Angola,ANG,f,#42
Frauen -57kg (Lightweight),Ariunzaya TERBISH,Mongolia,MGL,f,#13
Frauen -57kg (Lightweight),Aysenur BUDAK,Türkiye,TUR,f,#90
Frauen -57kg (Lightweight),Binta NDIAYE,Switzerland,SUI,f,#25
Frauen -57kg (Lightweight),Eteri LIPARTELIANI,Georgia,GEO,f,#1
Frauen -57kg (Lightweight),Giulia CARNA,Italy,ITA,f,#26
Frauen -57kg (Lightweight),Habiba BAYATI,IJF Refugee Team,IRT,f,#245
Frauen -57kg (Lightweight),Inbal SHEMESH,Israel,ISR,f,#36
Frauen -57kg (Lightweight),Irina ZUEVA,Russian Federation,RUS,f,#17
Frauen -57kg (Lightweight),Jessica LIMA,Brazil,BRA,f,#12
Frauen -57kg (Lightweight),Juhee KIM,Republic of Korea,KOR,f,#75
Frauen -57kg (Lightweight),Khadizha GADASHOVA,Azerbaijan,AZE,f,
Frauen -57kg (Lightweight),Lian BENAVIDES,Cuba,CUB,f,#87
Frauen -57kg (Lightweight),Luca VEG,Hungary,HUN,f,#86
Frauen -57kg (Lightweight),Mariah HOLGUIN,United States of America,USA,f,#43
Frauen -57kg (Lightweight),Mariana ESTEVES,Guinea,GUI,f,#16
Frauen -57kg (Lightweight),Marica PERISIC,Serbia,SRB,f,#10
Frauen -57kg (Lightweight),Marta GARCIA MARTIN,Spain,ESP,f,#22
Frauen -57kg (Lightweight),Maya LEOPOLD,Uruguay,URU,f,#85
Frauen -57kg (Lightweight),Maysa PARDAYEVA,Turkmenistan,TKM,f,#20
Frauen -57kg (Lightweight),Mina LIBEER,Belgium,BEL,f,#59
Frauen -57kg (Lightweight),Momo TAMAOKI,Japan,JPN,f,#3
Frauen -57kg (Lightweight),Nan WANG,People's Republic of China,CHN,f,#56
Frauen -57kg (Lightweight),Nino LOLADZE,Georgia,GEO,f,#48
Frauen -57kg (Lightweight),Olga MUKHINA,Russian Federation,RUS,f,#21
Frauen -57kg (Lightweight),Oyunchimeg OYUNGEREL,United Arab Emirates,UAE,f,#96
Frauen -57kg (Lightweight),Pihla MATIKAINEN,Finland,FIN,f,#34
Frauen -57kg (Lightweight),Pihla SALONEN,Finland,FIN,f,#14
Frauen -57kg (Lightweight),Sarah Leonie CYSIQUE,France,FRA,f,#2
Frauen -57kg (Lightweight),Sarah SOUZA,Brazil,BRA,f,#19
Frauen -57kg (Lightweight),Seija BALLHAUS,Germany,GER,f,#8
Frauen -57kg (Lightweight),Shannon VAN DE MEEBERG,Netherlands,NED,f,#32
Frauen -57kg (Lightweight),Sosorbaram LKHAGVASUREN,Mongolia,MGL,f,#49
Frauen -57kg (Lightweight),Timna NELSON LEVY,Israel,ISR,f,#5
Frauen -57kg (Lightweight),Tsendbazar MASHBAT,United Arab Emirates,UAE,f,#82
Frauen -57kg (Lightweight),Varvara KUCHAR,Lithuania,LTU,f,#265
Frauen -57kg (Lightweight),Veronica TONIOLO,Italy,ITA,f,#35
Frauen -57kg (Lightweight),Yamini MOURYA,India,IND,f,#54
Frauen -57kg (Lightweight),Zhanar ZHOLDOSHEVA,Kyrgyzstan,KGZ,f,#57
Frauen -63kg (Half-middleweight),Adina KOCHKONBAEVA,Kyrgyzstan,KGZ,f,#86
Frauen -63kg (Half-middleweight),Angelika SZYMANSKA,Poland,POL,f,#7
Frauen -63kg (Half-middleweight),Anna KRIZA,Hungary,HUN,f,#54
Frauen -63kg (Half-middleweight),Anriquelis BARRIOS,Venezuela,VEN,f,#31
Frauen -63kg (Half-middleweight),Ariela SANCHEZ BENITEZ,Spain,ESP,f,#49
Frauen -63kg (Half-middleweight),Carlotta AVANZATO,Italy,ITA,f,#15
Frauen -63kg (Half-middleweight),Catherine BEAUCHEMIN-PINARD,Canada,CAN,f,#11
Frauen -63kg (Half-middleweight),Clarisse AGBEGNENOU,France,FRA,f,#38
Frauen -63kg (Half-middleweight),Dali LILUASHVILI,Russian Federation,RUS,f,#25
Frauen -63kg (Half-middleweight),Emily Daniela JASPE,United States of America,USA,f,#39
Frauen -63kg (Half-middleweight),Enkhriilen LKHAGVATOGOO,Mongolia,MGL,f,#2
Frauen -63kg (Half-middleweight),Esmigul KUYULOVA,Kazakhstan,KAZ,f,#50
Frauen -63kg (Half-middleweight),Friederike STOLZE,Germany,GER,f,#22
Frauen -63kg (Half-middleweight),Gankhaich BOLD,Mongolia,MGL,f,#8
Frauen -63kg (Half-middleweight),Haruka KAJU,Japan,JPN,f,#1
Frauen -63kg (Half-middleweight),Himanshi TOKAS,India,IND,f,#97
Frauen -63kg (Half-middleweight),Iva OBERAN,Croatia,CRO,f,#6
Frauen -63kg (Half-middleweight),Jessica KLIMKAIT,Canada,CAN,f,#10
Frauen -63kg (Half-middleweight),Jisu KIM,Republic of Korea,KOR,f,#29
Frauen -63kg (Half-middleweight),Joana CRISOSTOMO,Portugal,POR,f,#82
Frauen -63kg (Half-middleweight),Joanne VAN LIESHOUT,Netherlands,NED,f,#4
Frauen -63kg (Half-middleweight),Kaja KAJZER ZABKAR,Slovenia,SLO,f,#9
Frauen -63kg (Half-middleweight),Karlee CARROUTH,United States of America,USA,f,#36
Frauen -63kg (Half-middleweight),Kerem PRIMO,Israel,ISR,f,#27
Frauen -63kg (Half-middleweight),Laura FAZLIU,Kosovo,KOS,f,#17
Frauen -63kg (Half-middleweight),Laura VAZQUEZ FERNANDEZ,Spain,ESP,f,#20
Frauen -63kg (Half-middleweight),Lea WYSS,Liechtenstein,LIE,f,#251
Frauen -63kg (Half-middleweight),Linthoi CHANAMBAM,India,IND,f,#66
Frauen -63kg (Half-middleweight),Louna-Lumia SEIKKULA,Finland,FIN,f,#52
Frauen -63kg (Half-middleweight),Lubjana PIOVESANA,Austria,AUT,f,#12
Frauen -63kg (Half-middleweight),Maeve COUGHLAN,Australia,AUS,f,#43
Frauen -63kg (Half-middleweight),Manon DEKETER,France,FRA,f,#5
Frauen -63kg (Half-middleweight),Maylin DEL TORO CARVAJAL,Cuba,CUB,f,#45
Frauen -63kg (Half-middleweight),Melika BALALI,IJF Refugee Team,IRT,f,#252
Frauen -63kg (Half-middleweight),Nargiz HAJIYEVA,Azerbaijan,AZE,f,#330
Frauen -63kg (Half-middleweight),Natalia KROPSKA,Poland,POL,f,#21
Frauen -63kg (Half-middleweight),Nina SIMIC,Croatia,CRO,f,#23
Frauen -63kg (Half-middleweight),Ozlem YILDIZ,Türkiye,TUR,f,#95
Frauen -63kg (Half-middleweight),Pei Chun YUAN,Chinese Taipei,TPE,f,#53
Frauen -63kg (Half-middleweight),Rafaela SILVA,Brazil,BRA,f,#3
Frauen -63kg (Half-middleweight),Rahina MODI MOUMOUNI,Niger,NIG,f,#89
Frauen -63kg (Half-middleweight),Renata ZACHOVA,Czechia,CZE,f,#19
Frauen -63kg (Half-middleweight),Sara-Joy BAUER,Germany,GER,f,#28
Frauen -63kg (Half-middleweight),Saya MIDDLETON,Australia,AUS,f,#57
Frauen -63kg (Half-middleweight),Skye KNOESTER,South Africa,RSA,f,#88
Frauen -63kg (Half-middleweight),Yana MAKRETSKAYA,Belarus,BLR,f,#33
Frauen -63kg (Half-middleweight),Yassamine DJELLAB,Algeria,ALG,f,#40
Frauen -63kg (Half-middleweight),Yeji KIM,Republic of Korea,KOR,f,#51
Frauen -63kg (Half-middleweight),Yoana MANOVA,Bulgaria,BUL,f,#63
Frauen -70kg (Middleweight),Ai TSUNODA ROUSTANT,Spain,ESP,f,#18
Frauen -70kg (Middleweight),Aina Laura RASOANAIVO RAZAFY,Madagascar,MAD,f,#22
Frauen -70kg (Middleweight),Aleksandra ANDRIC,Serbia,SRB,f,#21
Frauen -70kg (Middleweight),Aleksandra KOWALEWSKA,Poland,POL,f,#19
Frauen -70kg (Middleweight),Aleksandra SAMARDZIC,Bosnia and Herzegovina,BIH,f,#72
Frauen -70kg (Middleweight),Aoife COUGHLAN,Australia,AUS,f,#2
Frauen -70kg (Middleweight),Celinda COROZO,Ecuador,ECU,f,#43
Frauen -70kg (Middleweight),Clemence EME,France,FRA,f,#7
Frauen -70kg (Middleweight),Elisavet TELTSIDOU,Greece,GRE,f,#11
Frauen -70kg (Middleweight),Ema FIZELOVA,Slovakia,SVK,f,#92
Frauen -70kg (Middleweight),Gioia VETTERLI,Switzerland,SUI,f,#38
Frauen -70kg (Middleweight),Giorgia STANGHERLIN,Italy,ITA,f,#10
Frauen -70kg (Middleweight),Giovanna SCOCCIMARRO,Germany,GER,f,#20
Frauen -70kg (Middleweight),Ida ERIKSSON,Sweden,SWE,f,#8
Frauen -70kg (Middleweight),Ingrid NILSSON,Sweden,SWE,f,#50
Frauen -70kg (Middleweight),Inunganbi TAKHELLAMBAM,India,IND,f,#45
Frauen -70kg (Middleweight),Irene PEDROTTI,Italy,ITA,f,#12
Frauen -70kg (Middleweight),Isabella GARRIGA,United States of America,USA,f,#71
Frauen -70kg (Middleweight),Kaja SCHUSTER,Slovenia,SLO,f,#32
Frauen -70kg (Middleweight),Kelly PETERSEN POLLARD,Great Britain,GBR,f,#30
Frauen -70kg (Middleweight),Khurshida RAZZOKBERDIEVA,Uzbekistan,UZB,f,#35
Frauen -70kg (Middleweight),Laerke OLSEN,Denmark,DEN,f,#95
Frauen -70kg (Middleweight),Lara CVJETKO,Croatia,CRO,f,#1
Frauen -70kg (Middleweight),Lu LIU,People's Republic of China,CHN,f,#25
Frauen -70kg (Middleweight),Madina TAIMAZOVA,Russian Federation,RUS,f,#9
Frauen -70kg (Middleweight),Margit DE VOOGD,Netherlands,NED,f,#16
Frauen -70kg (Middleweight),Maya GOSHEN,Israel,ISR,f,#56
Frauen -70kg (Middleweight),Melissa MYERS,United States of America,USA,f,#51
Frauen -70kg (Middleweight),Michaela POLLERES,Austria,AUT,f,#13
Frauen -70kg (Middleweight),Miriam BUTKEREIT,Germany,GER,f,#5
Frauen -70kg (Middleweight),Nauana SILVA,Brazil,BRA,f,#15
Frauen -70kg (Middleweight),Nika KOREN,Slovenia,SLO,f,#54
Frauen -70kg (Middleweight),Nino GULBANI,Georgia,GEO,f,#74
Frauen -70kg (Middleweight),Sanne VAN DIJKE,Netherlands,NED,f,#23
Frauen -70kg (Middleweight),Serafima MOSCALU,Romania,ROU,f,#28
Frauen -70kg (Middleweight),Shiho TANAKA,Japan,JPN,f,#3
Frauen -70kg (Middleweight),Shirinjon YULDOSHOVA,Uzbekistan,UZB,f,#42
Frauen -70kg (Middleweight),Sudaba AGHAYEVA,Azerbaijan,AZE,f,#77
Frauen -70kg (Middleweight),Taibanganbi Chanu KHAIDEM,India,IND,f,#188
Frauen -70kg (Middleweight),Tais PINA,Portugal,POR,f,#17
Frauen -70kg (Middleweight),Tamara LISHCHENKO,Russian Federation,RUS,f,#49
Frauen -70kg (Middleweight),Yerang LEE,Republic of Korea,KOR,f,#87
Frauen -70kg (Middleweight),Yingying FENG,People's Republic of China,CHN,f,#27
Frauen -70kg (Middleweight),Yu-Jung LIAO,Chinese Taipei,TPE,f,#34
Frauen -78kg (Half-heavyweight),Alina BOEHM,Germany,GER,f,#7
Frauen -78kg (Half-heavyweight),Anna KAZAKOVA,Ukraine,UKR,f,#62
Frauen -78kg (Half-heavyweight),Anna Monta OLEK,Germany,GER,f,#1
Frauen -78kg (Half-heavyweight),Aqulina CHAYEB,Lebanon,LBN,f,#67
Frauen -78kg (Half-heavyweight),Aruna JANGELDINA,Kazakhstan,KAZ,f,#53
Frauen -78kg (Half-heavyweight),Audrey TCHEUMEO,France,FRA,f,#10
Frauen -78kg (Half-heavyweight),Barchinoy KODIROVA,Uzbekistan,UZB,f,#52
Frauen -78kg (Half-heavyweight),Beatriz FREITAS,Brazil,BRA,f,#13
Frauen -78kg (Half-heavyweight),Brenda OLAYA,Colombia,COL,f,#9
Frauen -78kg (Half-heavyweight),Camila FIGUEROA,Peru,PER,f,#55
Frauen -78kg (Half-heavyweight),Coralie GODBOUT,Canada,CAN,f,#15
Frauen -78kg (Half-heavyweight),Elena DENGG,Austria,AUT,f,#58
Frauen -78kg (Half-heavyweight),Eliza WROBLEWSKA,Poland,POL,f,#50
Frauen -78kg (Half-heavyweight),Elvismar RODRIGUEZ,Venezuela,VEN,f,#95
Frauen -78kg (Half-heavyweight),Emma KRAPU,Finland,FIN,f,#38
Frauen -78kg (Half-heavyweight),Emma REID,Great Britain,GBR,f,#12
Frauen -78kg (Half-heavyweight),Hajanirina Zo ANDRIAMBOLOLONA,Madagascar,MAD,f,#54
Frauen -78kg (Half-heavyweight),Hongtao WU,People's Republic of China,CHN,f,#16
Frauen -78kg (Half-heavyweight),Ishroop NARANG,India,IND,f,#74
Frauen -78kg (Half-heavyweight),Jeongyun LEE,Republic of Korea,KOR,f,#85
Frauen -78kg (Half-heavyweight),Jovana STJEPANOVIC,Serbia,SRB,f,#56
Frauen -78kg (Half-heavyweight),Juyun KIM,Republic of Korea,KOR,f,#81
Frauen -78kg (Half-heavyweight),Kaila ISSOUFI,France,FRA,f,#5
Frauen -78kg (Half-heavyweight),Kurena IKEDA,Japan,JPN,f,#4
Frauen -78kg (Half-heavyweight),Lianet CARDONA,Cuba,CUB,f,#46
Frauen -78kg (Half-heavyweight),Lotanna ONUA,United States of America,USA,f,#93
Frauen -78kg (Half-heavyweight),Maidelines GORGUET-VERANES,Romania,ROU,f,#36
Frauen -78kg (Half-heavyweight),Maria SWAN,Australia,AUS,f,#14
Frauen -78kg (Half-heavyweight),Marie BRANSER,Guinea,GUI,f,#11
Frauen -78kg (Half-heavyweight),Marit KAMPS,Netherlands,NED,f,#41
Frauen -78kg (Half-heavyweight),Marjona KUCHIMOVA,Uzbekistan,UZB,f,#40
Frauen -78kg (Half-heavyweight),Metka LOBNIK,Slovenia,SLO,f,#3
Frauen -78kg (Half-heavyweight),Migle Julija DUDENAITE,Lithuania,LTU,f,#27
Frauen -78kg (Half-heavyweight),Milica ZABIC,Serbia,SRB,f,#64
Frauen -78kg (Half-heavyweight),Patricia SAMPAIO,Portugal,POR,f,#6
Frauen -78kg (Half-heavyweight),Petrunjela PAVIC,Croatia,CRO,f,#19
Frauen -78kg (Half-heavyweight),Sairy COLON,Puerto Rico,PUR,f,#43
Frauen -78kg (Half-heavyweight),Shu Huei HSU WANG,Chinese Taipei,TPE,f,#35
Frauen -78kg (Half-heavyweight),Slaviana RYLKEVICH,Belarus,BLR,f,#59
Frauen -78kg (Half-heavyweight),Tuana GULENAY,Türkiye,TUR,f,#65
Frauen -78kg (Half-heavyweight),Vicky VERSCHAERE,Belgium,BEL,f,#49
Frauen -78kg (Half-heavyweight),Yael VAN HEEMST,Netherlands,NED,f,#31
Frauen -78kg (Half-heavyweight),Yelyzaveta LYTVYNENKO,United Arab Emirates,UAE,f,#2
Frauen -78kg (Half-heavyweight),Zanet MICHAELIDOU,Cyprus,CYP,f,#33
Frauen -78kg (Half-heavyweight),Zhenzhao MA,People's Republic of China,CHN,f,#32
Männer +100kg (Heavyweight),Adnan KHANKAN,IJF Refugee Team,IRT,m,#215
Männer +100kg (Heavyweight),Akira NAKAJIMA,Uganda,UGA,m,#82
Männer +100kg (Heavyweight),Alex SEMENENKO,United States of America,USA,m,#31
Männer +100kg (Heavyweight),Darius DOBRE,Romania,ROU,m,#45
Männer +100kg (Heavyweight),Dzhamal GAMZATKHANOV,Azerbaijan,AZE,m,#11
Männer +100kg (Heavyweight),Emirkhan ZHOLDOSHKAZIEV,Kyrgyzstan,KGZ,m,#58
Männer +100kg (Heavyweight),Francisco SOLIS,Chile,CHI,m,#27
Männer +100kg (Heavyweight),Giannis ANTONIOU,Cyprus,CYP,m,#20
Männer +100kg (Heavyweight),Gonchigsuren BATKHUYAG,Mongolia,MGL,m,#12
Männer +100kg (Heavyweight),Guram TUSHISHVILI,Georgia,GEO,m,#13
Männer +100kg (Heavyweight),Haiyang LI,People's Republic of China,CHN,m,#28
Männer +100kg (Heavyweight),Ibrahim TATAROGLU,Türkiye,TUR,m,#23
Männer +100kg (Heavyweight),Igor VRACAR,Serbia,SRB,m,#60
Männer +100kg (Heavyweight),Inal TASOEV,Russian Federation,RUS,m,#1
Männer +100kg (Heavyweight),Irakli DEMETRASHVILI,Georgia,GEO,m,#4
Männer +100kg (Heavyweight),Jakub SORDYL,Poland,POL,m,#16
Männer +100kg (Heavyweight),John MESSE A BESSONG,Canada,CAN,m,#55
Männer +100kg (Heavyweight),Jur SPIJKERS,Netherlands,NED,m,#6
Männer +100kg (Heavyweight),Kanan NASIBOV,Azerbaijan,AZE,m,#7
Männer +100kg (Heavyweight),Kanta NAKANO,Japan,JPN,m,#10
Männer +100kg (Heavyweight),Karl PRIILINN TURK,Estonia,EST,m,#63
Männer +100kg (Heavyweight),Losseni KONE,Germany,GER,m,#21
Männer +100kg (Heavyweight),Lukas KRPALEK,Czechia,CZE,m,#9
Männer +100kg (Heavyweight),Magomedomar MAGOMEDOMAROV,United Arab Emirates,UAE,m,#33
Männer +100kg (Heavyweight),Marek-Adrian MASAK,Estonia,EST,m,#34
Männer +100kg (Heavyweight),Marius FIZEL,Slovakia,SVK,m,#46
Männer +100kg (Heavyweight),Martti PUUMALAINEN,Finland,FIN,m,#8
Männer +100kg (Heavyweight),Mikita SVIRYD,Croatia,CRO,m,#30
Männer +100kg (Heavyweight),Minjong KIM,Republic of Korea,KOR,m,#15
Männer +100kg (Heavyweight),Mohamed El Mehdi LILI,Algeria,ALG,m,#43
Männer +100kg (Heavyweight),Mohammadpouria BANAEIAN TOLKI,Islamic Republic of Iran,IRI,m,#148
Männer +100kg (Heavyweight),Moustapha FOFANA,Guinea,GUI,m,#56
Männer +100kg (Heavyweight),Movli BORCHASHVILLI,Austria,AUT,m,#42
Männer +100kg (Heavyweight),Munir ERTUG,Türkiye,TUR,m,#59
Männer +100kg (Heavyweight),Muzaffarbek TUROBOYEV,Uzbekistan,UZB,m,#38
Männer +100kg (Heavyweight),Seungyeob LEE,Republic of Korea,KOR,m,#19
Männer +100kg (Heavyweight),Stefan KOVINIC,Montenegro,MNE,m,#53
Männer +100kg (Heavyweight),Stephan HEGYI,Austria,AUT,m,#50
Männer +100kg (Heavyweight),Tsetsentsengel ODKHUU,Mongolia,MGL,m,#41
Männer +100kg (Heavyweight),Ushangi KOKAURI,Azerbaijan,AZE,m,#3
Männer +100kg (Heavyweight),Valerii ENDOVITSKII,Russian Federation,RUS,m,#2
Männer +100kg (Heavyweight),Vidak MALJEVIC,Serbia,SRB,m,#72
Männer +100kg (Heavyweight),Yakiv KHAMMO,Ukraine,UKR,m,#44
Männer +100kg (Heavyweight),Yevheniy BALYEVSKYY,Ukraine,UKR,m,#32
Männer -100kg (Half-heavyweight),Abdourahman CEESAY,Gambia,GAM,m,#71
Männer -100kg (Half-heavyweight),Alexandru SIBISAN,Romania,ROU,m,#42
Männer -100kg (Half-heavyweight),Anton SAVYTSKIY,Ukraine,UKR,m,#9
Männer -100kg (Half-heavyweight),Aristos MICHAEL,Cyprus,CYP,m,#69
Männer -100kg (Half-heavyweight),Arman ADAMIAN,Russian Federation,RUS,m,#8
Männer -100kg (Half-heavyweight),Axel NIGHTINGALE,Australia,AUS,m,#31
Männer -100kg (Half-heavyweight),Baymyrat MAJANOV,Turkmenistan,TKM,m,#60
Männer -100kg (Half-heavyweight),Benjamin MATASEJE,Slovakia,SVK,m,#47
Männer -100kg (Half-heavyweight),Boris GEORGIEV,Bulgaria,BUL,m,#46
Männer -100kg (Half-heavyweight),Caramnob SAGAIPOV,Lebanon,LBN,m,#50
Männer -100kg (Half-heavyweight),Daniel EICH,Switzerland,SUI,m,#21
Männer -100kg (Half-heavyweight),Darko BRASNJOVIC,Serbia,SRB,m,#29
Männer -100kg (Half-heavyweight),Daut POLTUSHEV,Kyrgyzstan,KGZ,m,#146
Männer -100kg (Half-heavyweight),Dota ARAI,Japan,JPN,m,#6
Männer -100kg (Half-heavyweight),Dzhafar KOSTOEV,United Arab Emirates,UAE,m,#12
Männer -100kg (Half-heavyweight),Dzhakhongir MADZHIDOV,Tajikistan,TJK,m,#13
Männer -100kg (Half-heavyweight),Ernazar SARSENBAEV,Uzbekistan,UZB,m,#18
Männer -100kg (Half-heavyweight),Francisco BALANTA,Colombia,COL,m,#56
Männer -100kg (Half-heavyweight),Franck Ulrick TAHMAN ZAN,Cameroon,CMR,m,#53
Männer -100kg (Half-heavyweight),Fuchun HUANG,People's Republic of China,CHN,m,#15
Männer -100kg (Half-heavyweight),Gal BERTALANIC ZIZEK,Slovenia,SLO,m,#89
Männer -100kg (Half-heavyweight),Gennaro PIRELLI,Italy,ITA,m,#1
Männer -100kg (Half-heavyweight),Georgios KROUSSANIOTAKIS,Cyprus,CYP,m,#67
Männer -100kg (Half-heavyweight),Giovani FERREIRA,Brazil,BRA,m,#20
Männer -100kg (Half-heavyweight),Ilia SULAMANIDZE,Georgia,GEO,m,#5
Männer -100kg (Half-heavyweight),Iosif SIMIN,Israel,ISR,m,#26
Männer -100kg (Half-heavyweight),Ivan Felipe SILVA MORALES,Cuba,CUB,m,#24
Männer -100kg (Half-heavyweight),Ivo DARGOLTZ,Argentina,ARG,m,#44
Männer -100kg (Half-heavyweight),Jack RIGBY,Australia,AUS,m,#39
Männer -100kg (Half-heavyweight),Jorge FONSECA,Portugal,POR,m,#27
Männer -100kg (Half-heavyweight),Juyeop HAN,Republic of Korea,KOR,m,#45
Männer -100kg (Half-heavyweight),Khuderchuluun BAYARTSENGEL,Mongolia,MGL,m,#72
Männer -100kg (Half-heavyweight),Khuslen MUNKHUU,IJF Refugee Team,IRT,m,#128
Männer -100kg (Half-heavyweight),Kyle REYES,Canada,CAN,m,#48
Männer -100kg (Half-heavyweight),Leonardo GONCALVES,Brazil,BRA,m,#2
Männer -100kg (Half-heavyweight),Maksims DUINOVS,Latvia,LAT,m,#78
Männer -100kg (Half-heavyweight),Max GREGORY,Great Britain,GBR,m,#43
Männer -100kg (Half-heavyweight),Michael KORREL,Netherlands,NED,m,#22
Männer -100kg (Half-heavyweight),Milan BULAJA,Serbia,SRB,m,#32
Männer -100kg (Half-heavyweight),Niiaz BILALOV,Russian Federation,RUS,m,#4
Männer -100kg (Half-heavyweight),Nikoloz SHERAZADISHVILI,Spain,ESP,m,#23
Männer -100kg (Half-heavyweight),Oliver BARRATT,Great Britain,GBR,m,#28
Männer -100kg (Half-heavyweight),Omar ELRAMLY,Egypt,EGY,m,#25
Männer -100kg (Half-heavyweight),Piotr KUCZERA,Poland,POL,m,#33
Männer -100kg (Half-heavyweight),Rares ARSENIE,Romania,ROU,m,#55
Männer -100kg (Half-heavyweight),Robert FLORENTINO,Dominican Republic,DOM,m,#30
Männer -100kg (Half-heavyweight),Said SADRUDINOV,Bahrain,BRN,m,#10
Männer -100kg (Half-heavyweight),Seheon KIM,Republic of Korea,KOR,m,#62
Männer -100kg (Half-heavyweight),Shpati ZEKAJ,Kosovo,KOS,m,#81
Männer -100kg (Half-heavyweight),Simeon CATHARINA,Netherlands,NED,m,#3
Männer -100kg (Half-heavyweight),Tanou Mamadou KEITA,Guinea,GUI,m,#93
Männer -100kg (Half-heavyweight),Thomas BRICENO,Chile,CHI,m,#58
Männer -100kg (Half-heavyweight),Tulkinbek TURDIEV,Uzbekistan,UZB,m,#85
Männer -100kg (Half-heavyweight),Vadim GHIMBOVSCHI,Republic of Moldova,MDA,m,#35
Männer -100kg (Half-heavyweight),Zelym KOTSOIEV,Azerbaijan,AZE,m,#11
Männer -100kg (Half-heavyweight),Zsombor VEG,Hungary,HUN,m,#19
Männer -60kg (Extra-lightweight),Abdulrahman ALSAIARI,Saudi Arabia,KSA,m,#102
Männer -60kg (Extra-lightweight),Ahmad YUSIFOV,Azerbaijan,AZE,m,#5
Männer -60kg (Extra-lightweight),Ahmed ALAOUI CHERIFI,Morocco,MAR,m,#36
Männer -60kg (Extra-lightweight),Ali POPALZAI,IJF Refugee Team,IRT,m,#312
Männer -60kg (Extra-lightweight),Aman BAKYTZHAN,Kazakhstan,KAZ,m,#29
Männer -60kg (Extra-lightweight),Andrea CARLINO,Italy,ITA,m,#38
Männer -60kg (Extra-lightweight),Artem LESIUK,Ukraine,UKR,m,#21
Männer -60kg (Extra-lightweight),Artsiom KOLASAU,Belarus,BLR,m,#90
Männer -60kg (Extra-lightweight),Ayub BLIEV,Russian Federation,RUS,m,#4
Männer -60kg (Extra-lightweight),B.Tralhao FERNANDES,Portugal,POR,m,#61
Männer -60kg (Extra-lightweight),Bakhrom BOTUROV,Uzbekistan,UZB,m,#59
Männer -60kg (Extra-lightweight),Balabay AGHAYEV,Azerbaijan,AZE,m,#1
Männer -60kg (Extra-lightweight),Charlie AYRE,Great Britain,GBR,m,#43
Männer -60kg (Extra-lightweight),Christopher VELAZCO,United States of America,USA,m,#27
Männer -60kg (Extra-lightweight),Csanad FECZKO,Hungary,HUN,m,#28
Männer -60kg (Extra-lightweight),David STARKEL,Slovenia,SLO,m,#33
Männer -60kg (Extra-lightweight),Dilshot KHALMATOV,Ukraine,UKR,m,#20
Männer -60kg (Extra-lightweight),Giorgi SARDALASHVILI,Georgia,GEO,m,#22
Männer -60kg (Extra-lightweight),Harsh SINGH,India,IND,m,#83
Männer -60kg (Extra-lightweight),Izhak ASHPIZ,Israel,ISR,m,#2
Männer -60kg (Extra-lightweight),Jairo MORENO,El Salvador,ESA,m,#51
Männer -60kg (Extra-lightweight),Jiahao SUN,People's Republic of China,CHN,m,#79
Männer -60kg (Extra-lightweight),Jonathan CHARON,Cuba,CUB,m,#19
Männer -60kg (Extra-lightweight),Jonathan YANG,United States of America,USA,m,#16
Männer -60kg (Extra-lightweight),Jorre VERSTRAETEN,Belgium,BEL,m,#14
Männer -60kg (Extra-lightweight),Joshua KATZ,Australia,AUS,m,#121
Männer -60kg (Extra-lightweight),Kobe CHAVEZ,Chile,CHI,m,#89
Männer -60kg (Extra-lightweight),Leonardo BARROS,Angola,ANG,m,#39
Männer -60kg (Extra-lightweight),Loiq KUDBUDINOV,Tajikistan,TJK,m,#50
Männer -60kg (Extra-lightweight),Luis BARROSO LOPEZ,Spain,ESP,m,#41
Männer -60kg (Extra-lightweight),Luka MKHEIDZE,France,FRA,m,#13
Männer -60kg (Extra-lightweight),Marton ANDRASI,Hungary,HUN,m,#37
Männer -60kg (Extra-lightweight),Michel AUGUSTO,Brazil,BRA,m,#3
Männer -60kg (Extra-lightweight),Moussa YAHAYA,Niger,NIG,m,#62
Männer -60kg (Extra-lightweight),Pedro Carlos ANTUN NETO,Australia,AUS,m,#40
Männer -60kg (Extra-lightweight),Raoul Brillant NGANJI,Burundi,BDI,m,#80
Männer -60kg (Extra-lightweight),Romain VALADIER PICARD,France,FRA,m,#6
Männer -60kg (Extra-lightweight),Ruslan POLTORATSKII,Bahrain,BRN,m,#18
Männer -60kg (Extra-lightweight),Ryuju NAGAYAMA,Japan,JPN,m,#8
Männer -60kg (Extra-lightweight),Salih YILDIZ,Türkiye,TUR,m,#47
Männer -60kg (Extra-lightweight),Sherzod DAVLATOV,Kazakhstan,KAZ,m,#24
Männer -60kg (Extra-lightweight),Sukhbat BYAMBASUREN,Mongolia,MGL,m,#15
Männer -60kg (Extra-lightweight),Tumenjargal TUVSHINTUR,Mongolia,MGL,m,#34
Männer -60kg (Extra-lightweight),Tumiso PHUTHEGO,Botswana,BOT,m,#93
Männer -60kg (Extra-lightweight),Yung Wei YANG,Chinese Taipei,TPE,m,#11
Männer -66kg (Half-lightweight),Adrian NIETO CHINARRO,Spain,ESP,m,#19
Männer -66kg (Half-lightweight),Akylzhan ZHUBATKANOV,Kazakhstan,KAZ,m,#53
Männer -66kg (Half-lightweight),Amour Gedeon IBATA OKOMBI,Congo,CGO,m,#99
Männer -66kg (Half-lightweight),Ari BERLINER,United States of America,USA,m,#51
Männer -66kg (Half-lightweight),Azizbek ORTIKOV,Uzbekistan,UZB,m,#20
Männer -66kg (Half-lightweight),Baskhuu YONDONPERENLEI,Mongolia,MGL,m,#31
Männer -66kg (Half-lightweight),Bence PONGRACZ,Hungary,HUN,m,#40
Männer -66kg (Half-lightweight),Boyan YOTOV,Bulgaria,BUL,m,#16
Männer -66kg (Half-lightweight),Byambasuren ULZIIBAYAR,Mongolia,MGL,m,#69
Männer -66kg (Half-lightweight),Charlie YOUNG,Great Britain,GBR,m,#38
Männer -66kg (Half-lightweight),Chong-You LIN,Chinese Taipei,TPE,m,#56
Männer -66kg (Half-lightweight),Daikii BOUBA,France,FRA,m,#13
Männer -66kg (Half-lightweight),Dani KLACAR,Croatia,CRO,m,#75
Männer -66kg (Half-lightweight),David GARCIA TORNE,Spain,ESP,m,#8
Männer -66kg (Half-lightweight),Denis VIERU,Republic of Moldova,MDA,m,#24
Männer -66kg (Half-lightweight),Diego CALIX,El Salvador,ESA,m,#79
Männer -66kg (Half-lightweight),Edmilson PEDRO,Angola,ANG,m,#44
Männer -66kg (Half-lightweight),Elios MANZI,Italy,ITA,m,#21
Männer -66kg (Half-lightweight),Georgios BALARJISHVILI,Cyprus,CYP,m,#47
Männer -66kg (Half-lightweight),Hifumi ABE,Japan,JPN,m,#5
Männer -66kg (Half-lightweight),Joaquin TOVAGLIARI,Argentina,ARG,m,#77
Männer -66kg (Half-lightweight),Jonathan BENAVIDES,Ecuador,ECU,m,#41
Männer -66kg (Half-lightweight),Julien FRASCADORE,Canada,CAN,m,#26
Männer -66kg (Half-lightweight),Jusuf NURKOVIC,Montenegro,MNE,m,#68
Männer -66kg (Half-lightweight),Kais MOUDETERE,Algeria,ALG,m,#42
Männer -66kg (Half-lightweight),Luukas SAHA,Finland,FIN,m,#12
Männer -66kg (Half-lightweight),Marko JORGIC,Serbia,SRB,m,#113
Männer -66kg (Half-lightweight),Michael FRYER,Great Britain,GBR,m,#63
Männer -66kg (Half-lightweight),Miguel NERY GAGO,Portugal,POR,m,#43
Männer -66kg (Half-lightweight),Murad CHOPANOV,Russian Federation,RUS,m,#10
Männer -66kg (Half-lightweight),Narmandakh BAYANMUNKH,United Arab Emirates,UAE,m,#62
Männer -66kg (Half-lightweight),Nasrullo RAKHMONOV,IJF Refugee Team,IRT,m,#337
Männer -66kg (Half-lightweight),Nizami IMRANOV,Azerbaijan,AZE,m,#25
Männer -66kg (Half-lightweight),Nurali EMOMALI,Tajikistan,TJK,m,#2
Männer -66kg (Half-lightweight),Nurkanat SERIKBAYEV,Kazakhstan,KAZ,m,#17
Männer -66kg (Half-lightweight),Orlando POLANCO,Cuba,CUB,m,#33
Männer -66kg (Half-lightweight),Petros CHRISTODOULIDES,Cyprus,CYP,m,#30
Männer -66kg (Half-lightweight),Radu IZVOREANU,Republic of Moldova,MDA,m,#37
Männer -66kg (Half-lightweight),Ramazan ABDULAEV,Russian Federation,RUS,m,#3
Männer -66kg (Half-lightweight),Robin JARA,Mexico,MEX,m,#57
Männer -66kg (Half-lightweight),Ronald LIMA,Brazil,BRA,m,#9
Männer -66kg (Half-lightweight),Ruslan PASHAYEV,Azerbaijan,AZE,m,#4
Männer -66kg (Half-lightweight),Serdar RAHIMOV,Turkmenistan,TKM,m,#73
Männer -66kg (Half-lightweight),Simas POLIKEVICIUS,Lithuania,LTU,m,#161
Männer -66kg (Half-lightweight),Takeshi TAKEOKA,Japan,JPN,m,#1
Männer -66kg (Half-lightweight),Turan BAYRAMOV,Azerbaijan,AZE,m,#23
Männer -66kg (Half-lightweight),Vadym CHERNOV,Ukraine,UKR,m,#39
Männer -66kg (Half-lightweight),Valerio ACCOGLI,Italy,ITA,m,#14
Männer -66kg (Half-lightweight),Vazha MARGVELASHVILI,Georgia,GEO,m,#58
Männer -66kg (Half-lightweight),Walide KHYAR,France,FRA,m,#15
Männer -66kg (Half-lightweight),Ziyang XUE,People's Republic of China,CHN,m,#36
Männer -73kg (Lightweight),Adil OSMANOV,Republic of Moldova,MDA,m,#77
Männer -73kg (Lightweight),Akil GJAKOVA,Kosovo,KOS,m,#48
Männer -73kg (Lightweight),Angsarbek GAINULLIN,Kazakhstan,KAZ,m,#54
Männer -73kg (Lightweight),Anton SHUHALIEIEV,Spain,ESP,m,#30
Männer -73kg (Lightweight),Aron GABOR,Hungary,HUN,m,#71
Männer -73kg (Lightweight),Aron SZABO,Hungary,HUN,m,#63
Männer -73kg (Lightweight),Benjamin LEVY,Great Britain,GBR,m,#35
Männer -73kg (Lightweight),Bilal CILOGLU,Türkiye,TUR,m,#34
Männer -73kg (Lightweight),Chusniddin KARIMOV,Czechia,CZE,m,#25
Männer -73kg (Lightweight),Daniel CARGNIN,Brazil,BRA,m,#2
Männer -73kg (Lightweight),Danil LAVRENTEV,Russian Federation,RUS,m,#4
Männer -73kg (Lightweight),Dardan CENA,Kosovo,KOS,m,#72
Männer -73kg (Lightweight),Dayyan BOULEMTAFES,France,FRA,m,#22
Männer -73kg (Lightweight),Elbek TOJIEV,Uzbekistan,UZB,m,#58
Männer -73kg (Lightweight),Ethan NAIRNE,Great Britain,GBR,m,#29
Männer -73kg (Lightweight),Faye NJIE,Gambia,GAM,m,#78
Männer -73kg (Lightweight),Giovanni ESPOSITO,Italy,ITA,m,#10
Männer -73kg (Lightweight),Guilherme DE OLIVEIRA,Brazil,BRA,m,#38
Männer -73kg (Lightweight),Hassan DOUKKALI,Morocco,MAR,m,#20
Männer -73kg (Lightweight),Hidayat HEYDAROV,Azerbaijan,AZE,m,#16
Männer -73kg (Lightweight),Ibrahim DEMIREL,Türkiye,TUR,m,#57
Männer -73kg (Lightweight),Ioan DZITAC,Romania,ROU,m,#55
Männer -73kg (Lightweight),Jack YONEZUKA,United States of America,USA,m,#6
Männer -73kg (Lightweight),Jaehong AN,Republic of Korea,KOR,m,#69
Männer -73kg (Lightweight),Joan-Benjamin GABA,France,FRA,m,#12
Männer -73kg (Lightweight),Joshua GREEN,Ireland,IRL,m,#44
Männer -73kg (Lightweight),Justin LEMIRE,Canada,CAN,m,#18
Männer -73kg (Lightweight),Kazbek NAGUCHEV,United Arab Emirates,UAE,m,#14
Männer -73kg (Lightweight),Kohsei TOYOSHIMA,Australia,AUS,m,#41
Männer -73kg (Lightweight),Lasha SHAVDATUASHVILI,Georgia,GEO,m,#11
Männer -73kg (Lightweight),Leonardo VALERIANI,Italy,ITA,m,#13
Männer -73kg (Lightweight),Makhmadbek MAKHMADBEKOV,United Arab Emirates,UAE,m,#3
Männer -73kg (Lightweight),Mark HRISTOV,Bulgaria,BUL,m,#56
Männer -73kg (Lightweight),Martin HOJAK,Slovenia,SLO,m,#73
Männer -73kg (Lightweight),Messaoud Redouane DRIS,Algeria,ALG,m,#27
Männer -73kg (Lightweight),Meylis SHAMURADOV,Turkmenistan,TKM,m,#88
Männer -73kg (Lightweight),Muhiddin ASADULLOEV,Tajikistan,TJK,m,#1
Männer -73kg (Lightweight),Mukhamed ALOEV,Bahrain,BRN,m,#49
Männer -73kg (Lightweight),Narek VARDANIAN,Sweden,SWE,m,#42
Männer -73kg (Lightweight),Ohad MORITZ,Israel,ISR,m,#99
Männer -73kg (Lightweight),Otari KVANTIDZE,Portugal,POR,m,#36
Männer -73kg (Lightweight),Paul Jouel Alima FOUDA,IJF Refugee Team,IRT,m,#483
Männer -73kg (Lightweight),Rashid MAMMADALIYEV,Azerbaijan,AZE,m,#5
Männer -73kg (Lightweight),Ryuga TANAKA,Japan,JPN,m,#19
Männer -73kg (Lightweight),Said-Magomed KHALIDOV,Ukraine,UKR,m,#31
Männer -73kg (Lightweight),Uranbayar ODGEREL,Mongolia,MGL,m,#17
Männer -73kg (Lightweight),Valtteri OLIN,Finland,FIN,m,#33
Männer -73kg (Lightweight),Victor SKERLEV,Bulgaria,BUL,m,#21
Männer -73kg (Lightweight),Vlad MITRU,Republic of Moldova,MDA,m,#28
Männer -73kg (Lightweight),Yehonatan ELBAZ,Israel,ISR,m,#50
Männer -81kg (Half-middleweight),Abdelrahman ABDELGHANY,Egypt,EGY,m,#29
Männer -81kg (Half-middleweight),Abdoul Kader BOUBACAR ADAMOU,Niger,NIG,m,#99
Männer -81kg (Half-middleweight),Abylaikhan ZHUBANAZAR,Kazakhstan,KAZ,m,#8
Männer -81kg (Half-middleweight),Adrian GANDIA,Puerto Rico,PUR,m,#62
Männer -81kg (Half-middleweight),Adrian SULCA,Romania,ROU,m,#63
Männer -81kg (Half-middleweight),Agustin GIL,Argentina,ARG,m,#61
Männer -81kg (Half-middleweight),Antonio ESPOSITO,Italy,ITA,m,#42
Männer -81kg (Half-middleweight),Askerbii GERBEKOV,Bahrain,BRN,m,#28
Männer -81kg (Half-middleweight),Aurelien BONFERRONI,Switzerland,SUI,m,#34
Männer -81kg (Half-middleweight),David LIMA,Brazil,BRA,m,#26
Männer -81kg (Half-middleweight),Dominic RODRIGUEZ,United States of America,USA,m,#22
Männer -81kg (Half-middleweight),Eetu IHANAMAKI,Finland,FIN,m,#11
Männer -81kg (Half-middleweight),Elyas PARHIZGAR,Islamic Republic of Iran,IRI,m,#95
Männer -81kg (Half-middleweight),Erman GURGEN,Türkiye,TUR,m,#76
Männer -81kg (Half-middleweight),Francois GAUTHIER DRAPEAU,Canada,CAN,m,#2
Männer -81kg (Half-middleweight),Gadzhidavud GASANOV,Bahrain,BRN,m,#48
Männer -81kg (Half-middleweight),Gadzhimurad OMAROV,United Arab Emirates,UAE,m,#24
Männer -81kg (Half-middleweight),Georgi GRAMATIKOV,Bulgaria,BUL,m,#38
Männer -81kg (Half-middleweight),Hristo VALKOV,Bulgaria,BUL,m,#57
Männer -81kg (Half-middleweight),Jaeyun SIM,Republic of Korea,KOR,m,#80
Männer -81kg (Half-middleweight),Jahja NURKOVIC,Montenegro,MNE,m,#87
Männer -81kg (Half-middleweight),Johan SILOT,United States of America,USA,m,#16
Männer -81kg (Half-middleweight),Joonhwan LEE,Republic of Korea,KOR,m,#12
Männer -81kg (Half-middleweight),Jordan KOUROS,Greece,GRE,m,#100
Männer -81kg (Half-middleweight),Keishin OCHI,Australia,AUS,m,#35
Männer -81kg (Half-middleweight),Kwok Wing LEE,"Hong Kong, China",HKG,m,#90
Männer -81kg (Half-middleweight),Mahamadou DOUCARA,Mali,MLI,m,#75
Männer -81kg (Half-middleweight),Manuel PARLATI,Italy,ITA,m,#58
Männer -81kg (Half-middleweight),Matthias CASSE,Belgium,BEL,m,#10
Männer -81kg (Half-middleweight),Medickson DEL ORBE CORTORREAL,Dominican Republic,DOM,m,#43
Männer -81kg (Half-middleweight),Mihajlo SIMIN,Serbia,SRB,m,#5
Männer -81kg (Half-middleweight),Murodjon YULDOSHEV,Uzbekistan,UZB,m,#25
Männer -81kg (Half-middleweight),Mustafa HEBIB,Bosnia and Herzegovina,BIH,m,#64
Männer -81kg (Half-middleweight),Mykhailo SVIDRAK,Ukraine,UKR,m,#17
Männer -81kg (Half-middleweight),Nace HERKOVIC,Slovenia,SLO,m,#51
Männer -81kg (Half-middleweight),Nugzari TATALASHVILI,United Arab Emirates,UAE,m,#33
Männer -81kg (Half-middleweight),Omar RAJABLI,Azerbaijan,AZE,m,#6
Männer -81kg (Half-middleweight),Petru PELIVAN,Republic of Moldova,MDA,m,#13
Männer -81kg (Half-middleweight),Saad DIKAJEV,Estonia,EST,m,#84
Männer -81kg (Half-middleweight),Shinebayar OYUNCHIMEG,Mongolia,MGL,m,#60
Männer -81kg (Half-middleweight),Sibghatullah ARAB,IJF Refugee Team,IRT,m,#175
Männer -81kg (Half-middleweight),Tato GRIGALASHVILI,Georgia,GEO,m,#32
Männer -81kg (Half-middleweight),Timothy MEUWSEN,South Africa,RSA,m,#44
Männer -81kg (Half-middleweight),Vasilije GRUJICIC,Serbia,SRB,m,#40
Männer -81kg (Half-middleweight),Vedat ALBAYRAK,Türkiye,TUR,m,#14
Männer -81kg (Half-middleweight),Victor STERPU,Republic of Moldova,MDA,m,#31
Männer -81kg (Half-middleweight),Vladyslav KOLOBOV,Ukraine,UKR,m,#39
Männer -81kg (Half-middleweight),Vusal GALANDARZADE,Azerbaijan,AZE,m,#18
Männer -81kg (Half-middleweight),Yuhei OINO,Japan,JPN,m,#4
Männer -81kg (Half-middleweight),Zelim TCKAEV,Azerbaijan,AZE,m,#3
Männer -81kg (Half-middleweight),Zhalgas KAIROLLA,Kazakhstan,KAZ,m,#36
Männer -90kg (Middleweight),Abdalla ABDELSAMEA,Egypt,EGY,m,#30
Männer -90kg (Middleweight),Adam KOPECKY,Czechia,CZE,m,#10
Männer -90kg (Middleweight),Aharon SANTAMARIA RODRIGUEZ,Spain,ESP,m,#61
Männer -90kg (Middleweight),Aleksa MITROVIC,France,FRA,m,#65
Männer -90kg (Middleweight),Alex BARTO,Slovakia,SVK,m,#32
Männer -90kg (Middleweight),Alex CRET,Romania,ROU,m,#54
Männer -90kg (Middleweight),Alexander KNAUF,United States of America,USA,m,#24
Männer -90kg (Middleweight),Boris RUTOVIC,Serbia,SRB,m,#11
Männer -90kg (Middleweight),Daniiar MELISOV,Kyrgyzstan,KGZ,m,#291
Männer -90kg (Middleweight),David KLAMMERT,Czechia,CZE,m,#60
Männer -90kg (Middleweight),Eduard TRIPPEL,Germany,GER,m,#113
Männer -90kg (Middleweight),Egor ANDONI,Russian Federation,RUS,m,#19
Männer -90kg (Middleweight),Eljan HAJIYEV,Azerbaijan,AZE,m,#43
Männer -90kg (Middleweight),Erlan SHEROV,Kyrgyzstan,KGZ,m,#79
Männer -90kg (Middleweight),Gergely NERPEL,Hungary,HUN,m,#57
Männer -90kg (Middleweight),Goki TAJIMA,Japan,JPN,m,#7
Männer -90kg (Middleweight),Guilherme SCHIMIDT,Brazil,BRA,m,#5
Männer -90kg (Middleweight),Hebilige BU,People's Republic of China,CHN,m,#40
Männer -90kg (Middleweight),Ivaylo IVANOV,Bulgaria,BUL,m,#20
Männer -90kg (Middleweight),John JAYNE,United States of America,USA,m,#41
Männer -90kg (Middleweight),Jonghoon KIM,Republic of Korea,KOR,m,#6
Männer -90kg (Middleweight),Keagan YOUNG,Canada,CAN,m,#98
Männer -90kg (Middleweight),Kenny Komi BEDEL,Italy,ITA,m,#29
Männer -90kg (Middleweight),Klen Kristofer KALJULAID,Estonia,EST,m,#35
Männer -90kg (Middleweight),Kornelius EILERTSEN,Norway,NOR,m,#110
Männer -90kg (Middleweight),Lachlan MOORHEAD,Great Britain,GBR,m,#62
Männer -90kg (Middleweight),Lasha BEKAURI,Georgia,GEO,m,#16
Männer -90kg (Middleweight),Luka MAISURADZE,Georgia,GEO,m,#2
Männer -90kg (Middleweight),Maxime-Gael NGAYAP HAMBOU,France,FRA,m,#14
Männer -90kg (Middleweight),Mihail LATISEV,Republic of Moldova,MDA,m,#9
Männer -90kg (Middleweight),Minki SONG,Republic of Korea,KOR,m,#63
Männer -90kg (Middleweight),Murad FATIYEV,Azerbaijan,AZE,m,#3
Männer -90kg (Middleweight),Namory KEITA,Senegal,SEN,m,
Männer -90kg (Middleweight),Nemanja MAJDOV,Serbia,SRB,m,#8
Männer -90kg (Middleweight),Nurbek MURTOZOEV,Uzbekistan,UZB,m,#17
Männer -90kg (Middleweight),Peng-Yu CHEN,Chinese Taipei,TPE,m,#46
Männer -90kg (Middleweight),Peter SAFRANY,Hungary,HUN,m,#72
Männer -90kg (Middleweight),Rafael MACEDO,Brazil,BRA,m,#4
Männer -90kg (Middleweight),Remi FEUILLET,Mauritius,MRI,m,#77
Männer -90kg (Middleweight),Roy SIVAN,Israel,ISR,m,#66
Männer -90kg (Middleweight),Ryan DACOSTA,Senegal,SEN,m,#75
Männer -90kg (Middleweight),Sanshiro MURAO,Japan,JPN,m,#1
Männer -90kg (Middleweight),Suleyman SHUKUROV,Azerbaijan,AZE,m,
Männer -90kg (Middleweight),Theodoros TSELIDIS,Greece,GRE,m,#15
Männer -90kg (Middleweight),Thomas SCHARFETTER,Austria,AUT,m,#53
Männer -90kg (Middleweight),Toni MILETIC,Bosnia and Herzegovina,BIH,m,#73
Männer -90kg (Middleweight),Umar BOZOROV,Uzbekistan,UZB,m,#13
Männer -90kg (Middleweight),Yahor VARAPAYEU,Belarus,BLR,m,#12
Männer -90kg (Middleweight),Yuta GALARRETA,Peru,PER,m,#91
